{
  "1": {
    "a": 76259,
    "b": 9,
    "c": 4,
    "result": "нет действительных корней"
  },
  "2": {
    "a": 76,
    "b": 3,
    "c": 7585,
    "result": "нет действительных корней"
  },
  "3": {
    "a": 9,
    "b": 25,
    "c": 475,
    "result": "нет действительных корней"
  },
  "4": {
    "a": 4112,
    "b": 65415,
    "c": 5577,
    "result": [
      "(-0.08571754042004207+0j)",
      "(-15.822599580202526+0j)"
    ]
  },
  "5": {
    "a": 3,
    "b": 6778,
    "c": 884,
    "result": [
      "(-0.13042948296697432+0j)",
      "(-2259.2029038503665+0j)"
    ]
  },
  "6": {
    "a": 6622,
    "b": 87,
    "c": 766,
    "result": "нет действительных корней"
  },
  "7": {
    "a": 4,
    "b": 2887,
    "c": 699,
    "result": [
      "(-0.2422011241906148+0j)",
      "(-721.5077988758094+0j)"
    ]
  },
  "8": {
    "a": 1,
    "b": 252,
    "c": 6,
    "result": [
      "(-0.023811773811800663+0j)",
      "(-251.97618822618819+0j)"
    ]
  },
  "9": {
    "a": 3,
    "b": 56,
    "c": 56,
    "result": [
      "(-1.0602175693394287+0j)",
      "(-17.60644909732724+0j)"
    ]
  },
  "10": {
    "a": 5818,
    "b": 74671,
    "c": 59,
    "result": [
      "(-0.0007901813646688682+0j)",
      "(-12.833689021110409+0j)"
    ]
  },
  "11": {
    "a": 2,
    "b": 6,
    "c": 3392,
    "result": "нет действительных корней"
  },
  "12": {
    "a": 7,
    "b": 981,
    "c": 936,
    "result": [
      "(-0.9607143779944961+0j)",
      "(-139.18214276486265+0j)"
    ]
  },
  "13": {
    "a": 355,
    "b": 2918,
    "c": 2,
    "result": [
      "(-0.0006854581212324697+0j)",
      "(-8.219032851737923+0j)"
    ]
  },
  "14": {
    "a": 4245,
    "b": 71,
    "c": 57,
    "result": "нет действительных корней"
  },
  "15": {
    "a": 889,
    "b": 33,
    "c": 4,
    "result": "нет действительных корней"
  },
  "16": {
    "a": 5,
    "b": 22,
    "c": 3713,
    "result": "нет действительных корней"
  },
  "17": {
    "a": 81,
    "b": 4,
    "c": 31,
    "result": "нет действительных корней"
  },
  "18": {
    "a": 31,
    "b": 54,
    "c": 3882,
    "result": "нет действительных корней"
  },
  "19": {
    "a": 8971,
    "b": 3,
    "c": 995,
    "result": "нет действительных корней"
  },
  "20": {
    "a": 85,
    "b": 941,
    "c": 3,
    "result": [
      "(-0.003189016402951866+0j)",
      "(-11.067399218891165+0j)"
    ]
  },
  "21": {
    "a": 8527,
    "b": 523,
    "c": 7,
    "result": [
      "(-0.019732895542194876+0j)",
      "(-0.0416016887195619+0j)"
    ]
  },
  "22": {
    "a": 6984,
    "b": 9814,
    "c": 92,
    "result": [
      "(-0.009437749404827537+0j)",
      "(-1.3957741635390444+0j)"
    ]
  },
  "23": {
    "a": 2,
    "b": 3329,
    "c": 3669,
    "result": [
      "(-1.102863507308939+0j)",
      "(-1663.397136492691+0j)"
    ]
  },
  "24": {
    "a": 6,
    "b": 52,
    "c": 2,
    "result": [
      "(-0.03863375775829129+0j)",
      "(-8.628032908908375+0j)"
    ]
  },
  "25": {
    "a": 496,
    "b": 29976,
    "c": 61485,
    "result": [
      "(-2.12592401404786+0j)",
      "(-58.309559856919876+0j)"
    ]
  },
  "26": {
    "a": 13,
    "b": 4191,
    "c": 31,
    "result": [
      "(-0.007396972392668361+0j)",
      "(-322.3772184122227+0j)"
    ]
  },
  "27": {
    "a": 67,
    "b": 4332,
    "c": 85499,
    "result": "нет действительных корней"
  },
  "28": {
    "a": 86366,
    "b": 83,
    "c": 21989,
    "result": "нет действительных корней"
  },
  "29": {
    "a": 184,
    "b": 2134,
    "c": 29,
    "result": [
      "(-0.013605463913442552+0j)",
      "(-11.584220623043079+0j)"
    ]
  },
  "30": {
    "a": 6743,
    "b": 53264,
    "c": 19277,
    "result": [
      "(-0.380215406301426+0j)",
      "(-7.518939272624868+0j)"
    ]
  },
  "31": {
    "a": 875,
    "b": 45339,
    "c": 3659,
    "result": [
      "(-0.08082923519717379+0j)",
      "(-51.735170764802824+0j)"
    ]
  },
  "32": {
    "a": 11,
    "b": 97,
    "c": 1181,
    "result": "нет действительных корней"
  },
  "33": {
    "a": 8842,
    "b": 783,
    "c": 55,
    "result": "нет действительных корней"
  },
  "34": {
    "a": 2622,
    "b": 62,
    "c": 288,
    "result": "нет действительных корней"
  },
  "35": {
    "a": 13428,
    "b": 8441,
    "c": 411,
    "result": [
      "(-0.053191908971648716+0j)",
      "(-0.5754199468520034+0j)"
    ]
  },
  "36": {
    "a": 283,
    "b": 24,
    "c": 773,
    "result": "нет действительных корней"
  },
  "37": {
    "a": 11817,
    "b": 9917,
    "c": 2,
    "result": [
      "(-0.0002017223814065396+0j)",
      "(-0.8390129683184328+0j)"
    ]
  },
  "38": {
    "a": 245,
    "b": 28485,
    "c": 3,
    "result": [
      "(-0.00010531868413506474+0j)",
      "(-116.26520080376484+0j)"
    ]
  },
  "39": {
    "a": 8,
    "b": 4142,
    "c": 76,
    "result": [
      "(-0.018349274159049855+0j)",
      "(-517.731650725841+0j)"
    ]
  },
  "40": {
    "a": 33,
    "b": 8562,
    "c": 564,
    "result": [
      "(-0.06588919244655478+0j)",
      "(-259.3886562620989+0j)"
    ]
  },
  "41": {
    "a": 75,
    "b": 653,
    "c": 182,
    "result": [
      "(-0.28825714161878596+0j)",
      "(-8.418409525047881+0j)"
    ]
  },
  "42": {
    "a": 669,
    "b": 359,
    "c": 71126,
    "result": "нет действительных корней"
  },
  "43": {
    "a": 35,
    "b": 28732,
    "c": 267,
    "result": [
      "(-0.009292879803563534+0j)",
      "(-820.9049928344822+0j)"
    ]
  },
  "44": {
    "a": 9,
    "b": 162,
    "c": 8943,
    "result": "нет действительных корней"
  },
  "45": {
    "a": 3,
    "b": 447,
    "c": 82926,
    "result": "нет действительных корней"
  },
  "46": {
    "a": 7889,
    "b": 611,
    "c": 79257,
    "result": "нет действительных корней"
  },
  "47": {
    "a": 91,
    "b": 5,
    "c": 4,
    "result": "нет действительных корней"
  },
  "48": {
    "a": 426,
    "b": 76988,
    "c": 42199,
    "result": [
      "(-0.5497969798189488+0j)",
      "(-180.1732077150167+0j)"
    ]
  },
  "49": {
    "a": 27,
    "b": 9376,
    "c": 63792,
    "result": [
      "(-6.94255269006694+0j)",
      "(-340.3167065691923+0j)"
    ]
  },
  "50": {
    "a": 437,
    "b": 219,
    "c": 54,
    "result": "нет действительных корней"
  },
  "51": {
    "a": 6347,
    "b": 49,
    "c": 12363,
    "result": "нет действительных корней"
  },
  "52": {
    "a": 334,
    "b": 575,
    "c": 9,
    "result": [
      "(-0.015797129506815322+0j)",
      "(-1.7057597567207297+0j)"
    ]
  },
  "53": {
    "a": 38328,
    "b": 245,
    "c": 8,
    "result": "нет действительных корней"
  },
  "54": {
    "a": 45,
    "b": 5192,
    "c": 6,
    "result": [
      "(-0.0011556356119399424+0j)",
      "(-115.37662214216584+0j)"
    ]
  },
  "55": {
    "a": 644,
    "b": 75,
    "c": 23513,
    "result": "нет действительных корней"
  },
  "56": {
    "a": 3,
    "b": 73,
    "c": 7682,
    "result": "нет действительных корней"
  },
  "57": {
    "a": 31999,
    "b": 4,
    "c": 7,
    "result": "нет действительных корней"
  },
  "58": {
    "a": 423,
    "b": 65683,
    "c": 834,
    "result": [
      "(-0.012698387837794419+0j)",
      "(-155.26626142303692+0j)"
    ]
  },
  "59": {
    "a": 6726,
    "b": 1,
    "c": 7,
    "result": "нет действительных корней"
  },
  "60": {
    "a": 73816,
    "b": 995,
    "c": 1,
    "result": [
      "(-0.0010937788214831754+0j)",
      "(-0.01238568362568275+0j)"
    ]
  },
  "61": {
    "a": 8,
    "b": 8,
    "c": 4,
    "result": "нет действительных корней"
  },
  "62": {
    "a": 3236,
    "b": 77262,
    "c": 6,
    "result": [
      "(-7.76580921481467e-05+0j)",
      "(-23.875694900622314+0j)"
    ]
  },
  "63": {
    "a": 2,
    "b": 795,
    "c": 78479,
    "result": [
      "(-182.56165542743793+0j)",
      "(-214.93834457256207+0j)"
    ]
  },
  "64": {
    "a": 813,
    "b": 294,
    "c": 182,
    "result": "нет действительных корней"
  },
  "65": {
    "a": 1222,
    "b": 511,
    "c": 6248,
    "result": "нет действительных корней"
  },